Constituency,Winner_Party,Winner_Alliance,Electors_2026,New_Voters,Elector_Growth,DMK_Alliance_Share,AIADMK_Alliance_Share,NTK_share,DMK_share_adj,AIADMK_share_adj,TVK_share_adj,Others_share_adj,Winner_adj,LR_DMK_WinProb,Seat_Risk
Alandur,DMK,DMK_Alliance,296052,0.0,0.9065193627308386,0.4912071873514728,0.3205622689284167,0.06942557549705364,0.47431586202918163,0.23740209175028845,0.21415149911371956,0.0741305471068105,DMK_Alliance,0.9989483524642994,DMK Safe
Alangudi,DMK,DMK_Alliance,210296,0.0,0.8909073193050536,0.5117200684349577,0.3613086439869182,0.09006529253616695,0.5338131316758892,0.34465999883532894,0.09968932597099589,0.021837543517785895,DMK_Alliance,0.9993825110488049,DMK Safe
Alangulam,AIADMK,AIADMK_Alliance,253408,0.0,0.9066378536187447,0.3470350603013594,0.37826693794906574,0.06152507887830625,0.31912855663817474,0.3017503238608205,0.2026305113229706,0.17649060817803405,DMK_Alliance,0.21477457352417917,AIADMK Safe
Ambasamudram,AIADMK,AIADMK_Alliance,225714,0.0,0.924803435122323,0.3843742437289299,0.47957294252058463,0.07730145598009916,0.36523420732622347,0.41919688951762435,0.19404069784388475,0.02152820531226735,AIADMK_Alliance,0.0709536482025345,AIADMK Safe
Ambattur,DMK,DMK_Alliance,330480,399.0,1.0012087942050587,0.4767144266101815,0.3013245997694539,0.09446980636623539,0.49022545706519455,0.26045907028961013,0.1445841490709667,0.10473132357422872,DMK_Alliance,0.9994346276946432,DMK Safe
Ambur,DMK,DMK_Alliance,212631,0.0,0.8702330378410235,0.5086407537750594,0.39489987519535863,0.05706158153341054,0.516960029580394,0.37469625496827264,0.08715980609660627,0.021183909354727082,DMK_Alliance,0.9947610613925103,DMK Safe
Anaikattu,DMK,DMK_Alliance,234738,0.0,0.8639284531301755,0.4810747958848361,0.4489219180506054,0.04107580698162332,0.4479227075709415,0.3765743669571758,0.15526742084985617,0.020235504622026612,DMK_Alliance,0.8367751532095181,DMK Safe
Andipatti,DMK,DMK_Alliance,254549,0.0,0.8843727200083382,0.446411186408323,0.40566478953899016,0.05352677293118259,0.4325076828241176,0.3503071104698403,0.15659922776042634,0.06058597894561577,DMK_Alliance,0.8613562166640996,DMK Safe
Anna Nagar,DMK,DMK_Alliance,181402,0.0,0.7999029896816298,0.48489363764113,0.3186570237922179,0.06302999466976789,0.4871037569879809,0.27927571489392683,0.12163474902137772,0.11198577909671449,DMK_Alliance,0.9991719109617652,DMK Safe
Anthiyur,DMK,DMK_Alliance,205737,0.0,0.8491458476930253,0.4484281543215126,0.4411996484961873,0.046659296425433004,0.4452278400068012,0.41249784349372487,0.10059082545642652,0.041683491043047464,DMK_Alliance,0.6893985194688176,DMK Safe
Arakkonam,AIADMK,AIADMK_Alliance,199165,0.0,0.8458692919271541,0.339707838424381,0.4982089935360418,0.0853557510559354,0.327392218529666,0.4566673182758058,0.17607032961137986,0.039870133583148254,AIADMK_Alliance,0.007352795709889547,AIADMK Safe
Arani,AIADMK,AIADMK_Alliance,253022,0.0,0.8318959990267992,0.45087209039752146,0.4734037268202798,0.047380115796984944,0.4063577701743095,0.3809334171491797,0.19254811483941692,0.02016069783709381,DMK_Alliance,0.36283501691276904,AIADMK Safe
Aranthangi,INC,DMK_Alliance,227588,0.0,0.9859336755691295,0.4869739598210035,0.3031395791678568,0.10984956679044082,0.5059331373112541,0.2582764144732984,0.1645445852844911,0.0712458629309564,DMK_Alliance,0.9998541333747649,DMK Safe
Aravakurichi,DMK,DMK_Alliance,194505,0.0,0.7994845615073494,0.5271689420373319,0.3870557945729869,0.040584030624343646,0.4969808728207785,0.31043030619789774,0.17210179007797324,0.020487030903350557,DMK_Alliance,0.9973411825882068,DMK Safe
Arcot,DMK,DMK_Alliance,243565,0.0,0.8452011631861306,0.49518330147623113,0.40005052647635025,0.05761924963415971,0.4716522732077779,0.3273591089058831,0.18012029116935185,0.020868326716987115,DMK_Alliance,0.9857082556151063,DMK Safe
Ariyalur,DMK,DMK_Alliance,261161,0.0,0.8441567676767677,0.46164946164946163,0.4472904872904873,0.05481629481629482,0.4461078983672783,0.3972029958607973,0.1358906171978694,0.02079848857405488,DMK_Alliance,0.721882639366656,DMK Safe
Aruppukkottai,DMK,DMK_Alliance,206497,0.0,0.8780903702065774,0.5317725947862454,0.3185612233573402,0.07238275477362865,0.5341214216608636,0.2651271508861601,0.15658334596804713,0.04416808148492908,DMK_Alliance,0.9999094331082143,DMK Safe
Athoor,DMK,DMK_Alliance,259846,0.0,0.8226827754771222,0.7210968078629207,0.1315038705749326,0.07466295555362268,0.7452766374038978,0.07410750186774717,0.1360141241572735,0.04460173657108151,DMK_Alliance,0.9999999999403002,DMK Safe
Attur,AIADMK,AIADMK_Alliance,226481,0.0,0.8254523056288543,0.4358150223036602,0.47715314178719653,0.051230831618629936,0.4002398238293652,0.3969370892754924,0.18236345767486078,0.02045962922028152,DMK_Alliance,0.254947442897101,AIADMK Safe
Avadi,DMK,DMK_Alliance,428772,15411.0,1.0372821819184683,0.4994134790165057,0.3220814350324165,0.09998105852914495,0.48964286979402694,0.23276468688524532,0.24785494922049278,0.029737494100235157,DMK_Alliance,0.9993752713218803,DMK Safe
Avanashi,AIADMK,AIADMK_Alliance,250346,0.0,0.857143835381929,0.3121992973611065,0.5637148621764875,0.062343916812069966,0.2927462378474792,0.5207739358872632,0.16084364956007074,0.025636176705186725,AIADMK_Alliance,9.535427525401263e-05,AIADMK Safe
Bargur,DMK,DMK_Alliance,237349,0.0,0.8736312071878416,0.4917283501193221,0.42795170489018325,0.05113153743477733,0.4751161412278457,0.37776506608674415,0.1265080971502658,0.020610695535144417,DMK_Alliance,0.9553802611980128,DMK Safe
Bhavani,AIADMK,AIADMK_Alliance,221393,0.0,0.80032751565279,0.38926434441492663,0.5011048489212205,0.05199493507460834,0.3572162908903751,0.42471694728203696,0.1971806235206472,0.02088613830694065,AIADMK_Alliance,0.019586114257926158,AIADMK Safe
Bhavanisagar,AIADMK,AIADMK_Alliance,235584,0.0,0.855101922295139,0.41468935567665666,0.5054570293218725,0.042464612822647796,0.38840537702173705,0.44486305620502514,0.1462360139126405,0.020495552860597278,AIADMK_Alliance,0.03975275962813506,AIADMK Safe
Bhuvanagiri,AIADMK,AIADMK_Alliance,230968,0.0,0.8528122703826372,0.4473106281540841,0.4891994015164963,0.03529023913980676,0.4198395496849427,0.42963100630945567,0.13030122551100998,0.020228218494591766,AIADMK_Alliance,0.20514841142779727,AIADMK Safe
Bodinayakanur,AIADMK,AIADMK_Alliance,261631,0.0,0.8867404625688023,0.4144835773644638,0.4657929653856002,0.05174235899345888,0.3972225776931349,0.4114541056565454,0.15951037461294057,0.031812942037379166,AIADMK_Alliance,0.15203115121012986,AIADMK Safe
Chengalpattu,DMK,DMK_Alliance,366400,0.0,0.9731920646599007,0.47639253229813894,0.37910590432964714,0.09802726871394848,0.44267638897748185,0.2731485407873391,0.2628319823362535,0.021343087898925545,DMK_Alliance,0.9899273882486935,DMK Safe
Chengam,DMK,DMK_Alliance,266629,0.0,0.8667366655397498,0.48261219022103147,0.4433132395624023,0.05394061174369279,0.4404863358442667,0.3546961099556383,0.1846502682193483,0.02016728598074672,DMK_Alliance,0.8797281051915294,DMK Safe
Chepauk-Thiruvallikeni,DMK,DMK_Alliance,163866,0.0,0.8681964364241322,0.6789054255667553,0.1741566900767803,0.06690440668097959,0.6954149284634802,0.12230584981374154,0.1286762921361584,0.0536029295866199,DMK_Alliance,0.9999999990919346,DMK Safe
Cheyyar,DMK,DMK_Alliance,238283,0.0,0.8088686572433365,0.4777580900867295,0.42053996083185674,0.056849762193416024,0.4538419453606859,0.35056384045661776,0.1747663706217095,0.020827843560986856,DMK_Alliance,0.9378326018335094,DMK Safe
Cheyyur,VCK,DMK_Alliance,202055,0.0,0.8212149046512006,0.46198079499776684,0.45646493970522556,0.05389124609200536,0.4120259614439749,0.3526830983919852,0.21512528446561918,0.020165655698420597,DMK_Alliance,0.7333890258889425,DMK Safe
Chidambaram,AIADMK,AIADMK_Alliance,229136,0.0,0.9097861087839528,0.4091801562022776,0.5015543871896679,0.04947314455255465,0.3915813079633154,0.4541407730327731,0.13350672650360187,0.020771192500309742,AIADMK_Alliance,0.0485172680879372,AIADMK Safe
Coimbatore (North),AIADMK,AIADMK_Alliance,291533,12963.0,1.0465340847901785,0.38192002919146545,0.4016489233181623,0.056376017633223044,0.36305465859082464,0.33276836869923093,0.1768971318702991,0.12727984083964528,DMK_Alliance,0.3299984941961546,AIADMK Safe
Coimbatore (South),BJP,AIADMK_Alliance,186509,0.0,0.8773219686813523,0.2738539075372339,0.34380512389752205,0.027784059703421318,0.2597414015630787,0.309752965622419,0.08775489353168817,0.34275073928281413,Others,0.024164547496718862,AIADMK Safe
Colachal,INC,DMK_Alliance,263448,12117.0,1.048211322916791,0.495608545709929,0.36717148806628447,0.09948133290338801,0.47754493596971487,0.2876923010003929,0.2074218153259091,0.027340947703983213,DMK_Alliance,0.9986739582883133,DMK Safe
Coonoor,DMK,DMK_Alliance,175820,0.0,0.9417902692742398,0.4548665273567413,0.4246622715366277,0.05335962562910204,0.439236152203054,0.3660593582551319,0.16508001499079325,0.029624474551020685,DMK_Alliance,0.8952229215634548,DMK Safe
Cuddalore,DMK,DMK_Alliance,221152,0.0,0.8846044615821537,0.4646293152235427,0.44456349140938783,0.05254366734248713,0.4473846941583461,0.3914481146941208,0.1403986200155075,0.02076857113202553,DMK_Alliance,0.8146544617043582,DMK Safe
Cumbum,DMK,DMK_Alliance,253646,0.0,0.9128882490552457,0.518106538128785,0.308426646891608,0.06104066246446669,0.5180566187113046,0.26101425254412886,0.13492570914029217,0.08600341960427452,DMK_Alliance,0.9998031210502394,DMK Safe
Dharapuram,DMK,DMK_Alliance,220743,0.0,0.8283940841592519,0.46386688042228763,0.4566861349237851,0.034810893288863914,0.4520713593319767,0.4171126156713667,0.11013743216687423,0.020678592829782523,DMK_Alliance,0.6223781131411311,DMK Safe
Dharmapuri,PMK,AIADMK_Alliance,257939,0.0,0.8640188387252373,0.3624392061951015,0.4860283528042221,0.0400307362434605,0.32832407012705095,0.4078380287185347,0.19691543096601144,0.06692247018840282,AIADMK_Alliance,0.006827290235577174,AIADMK Safe
Dindigul,AIADMK,AIADMK_Alliance,237679,0.0,0.8867990702151713,0.3733535604095983,0.4643087772527394,0.07615904222060496,0.35543961174039146,0.40520069603678616,0.19476897484495584,0.04459071737786662,AIADMK_Alliance,0.06318467354238586,AIADMK Safe
Dr.Radhakrishnan Nagar,DMK,DMK_Alliance,195856,0.0,0.7623674120783948,0.512027675148508,0.2849000411705262,0.10927299266950762,0.534004778981642,0.23817583445046797,0.16335059414006303,0.0644687924278271,DMK_Alliance,0.9999688667863348,DMK Safe
Edappadi,AIADMK,AIADMK_Alliance,274054,0.0,0.8067553922737483,0.2804355825492012,0.6597385372481308,0.02679326003534155,0.24457076786474155,0.5883245753594492,0.1470408000203653,0.020063856755443976,AIADMK_Alliance,2.775613106221024e-07,AIADMK Safe
Egmore,DMK,DMK_Alliance,134879,0.0,0.823266232894271,0.5771059184546118,0.2629054841495418,0.052619664461604244,0.5829594350932793,0.22510732985291546,0.10480104895384423,0.08713218609996098,DMK_Alliance,0.9999980474976016,DMK Safe
Erode (East),INC,DMK_Alliance,176228,0.0,0.8438340946744429,0.44265540624979444,0.38409071476022283,0.07648796016759078,0.447905323122442,0.3530780384162703,0.12564837875403576,0.07336825970725197,DMK_Alliance,0.9689840602211629,DMK Safe
Erode (West),DMK,DMK_Alliance,245493,0.0,0.8693433526093438,0.49011328978154384,0.38266554463247704,0.06495313237246995,0.48034010231294105,0.32160952740219734,0.17527584182769457,0.02277452845716701,DMK_Alliance,0.9920453775231453,DMK Safe
Gandarvakkottai,CPI-M,DMK_Alliance,194732,0.0,0.8994092678893914,0.4422662098718437,0.3615594467707144,0.08032610074863596,0.43796594802593974,0.30728145006370344,0.17171459902752664,0.0830380028828302,DMK_Alliance,0.9859159828325088,DMK Safe
Gangavalli,AIADMK,AIADMK_Alliance,216794,0.0,0.8462400218592033,0.44078111344053444,0.48024964745875404,0.04998847203530238,0.41359167157656024,0.4166411192043492,0.14930723637000914,0.02045997284908151,AIADMK_Alliance,0.2923502861005758,AIADMK Safe
Gingee,DMK,DMK_Alliance,240957,0.0,0.8479146725972637,0.529896558391338,0.35683488012374326,0.04795050270688322,0.509467395830966,0.28057167224682245,0.18847079035607087,0.021490141566140646,DMK_Alliance,0.9991064218038,DMK Safe
Gobichettipalayam,AIADMK,AIADMK_Alliance,237581,0.0,0.8071596985819217,0.3735515514674656,0.5068484839999813,0.05468986984380323,0.3547406146646165,0.45532694570249144,0.1616893911455448,0.0282430484873473,AIADMK_Alliance,0.007887619413954442,AIADMK Safe
Gudalur,AIADMK,AIADMK_Alliance,183888,0.0,0.9682749469493926,0.4524255553064221,0.47497775881148874,0.052923179296527484,0.42934875865723726,0.4197589047469427,0.13047057233766418,0.020421764258155988,DMK_Alliance,0.5681906682054336,Marginal
Gudiyattam,DMK,DMK_Alliance,248526,0.0,0.8549196597190928,0.47446959315786985,0.4418607947833483,0.05591834806029391,0.4367939467446969,0.35716659122145294,0.1856709623741697,0.020368499659680437,DMK_Alliance,0.8625721431176624,DMK Safe
Gummidipoondi,DMK,DMK_Alliance,251603,0.0,0.824819695777603,0.5694266196542516,0.3516474609243073,0.05269083032751082,0.5632546861928983,0.3118105629992456,0.10423625413119836,0.020698496676657706,DMK_Alliance,0.9998639737741059,DMK Safe
Harbour,DMK,DMK_Alliance,116896,0.0,0.8371899820237916,0.583541564190851,0.3152287260206591,0.03302508607968519,0.5835087014479893,0.2860696243156114,0.07985021145240467,0.05057146278399474,DMK_Alliance,0.9999875310454358,DMK Safe
Harur,AIADMK,AIADMK_Alliance,243742,0.0,0.8936330906237855,0.3459773877571576,0.49888449626067033,0.05514567018356709,0.33039152432883256,0.4564443763766642,0.14311423208263901,0.07004986721186432,AIADMK_Alliance,0.003629613304990439,AIADMK Safe
Hosur,DMK,DMK_Alliance,338295,0.0,0.9926671244212046,0.47654958927520574,0.42670235149013697,0.04603825907504293,0.44263179860519375,0.3427604029325292,0.19399585073046677,0.020611947731810305,DMK_Alliance,0.8707267474420727,DMK Safe
Jayankondam,DMK,DMK_Alliance,261793,0.0,0.8808380634502992,0.45999870590845227,0.43480089477187017,0.046014198032980846,0.4417140847159157,0.3748288631899462,0.16188811397822644,0.021568938115911745,DMK_Alliance,0.7636234771453382,DMK Safe
Jolarpet,DMK,DMK_Alliance,233830,0.0,0.8669264393470338,0.4557491928009045,0.45019301479949886,0.06787602236730869,0.41301099050518847,0.35425993723315313,0.2122757208100277,0.020453351451630717,DMK_Alliance,0.7602682093671409,DMK Safe
Kadayanallur,AIADMK,AIADMK_Alliance,267517,0.0,0.9482820348307557,0.3122352391247188,0.4307945504299473,0.04935386173517583,0.293093329458232,0.3824558278282538,0.14140781084079285,0.18304303187272117,AIADMK_Alliance,0.007185044613881489,AIADMK Safe
Kalasapakkam,DMK,DMK_Alliance,230766,0.0,0.8552368739970425,0.47921439262042215,0.44629748414225645,0.044910758829937794,0.436717385756897,0.35699315048771857,0.18612113505068525,0.020168328704699017,DMK_Alliance,0.8517804342351725,DMK Safe
Kallakurichi,AIADMK,AIADMK_Alliance,278762,0.0,0.898522135731438,0.3752446227275545,0.5189720975125964,0.07293963463769271,0.36968350088287466,0.4934463160176222,0.11562590914972298,0.021244273949780262,AIADMK_Alliance,0.007906063437973633,AIADMK Safe
Kancheepuram,DMK,DMK_Alliance,276299,0.0,0.8767110682396543,0.44767948673245234,0.3971416367376826,0.060784894870811394,0.4337401962657692,0.33701901685051966,0.17165031728231922,0.057590469601391976,DMK_Alliance,0.8990433356089241,DMK Safe
Kangayam,DMK,DMK_Alliance,216646,0.0,0.789310501867201,0.4714139867279224,0.4347256002962696,0.05658649370927544,0.4527653057933501,0.3773551531420393,0.14908942134286002,0.020790119721750697,DMK_Alliance,0.8873992267802445,DMK Safe
Kanniyakumari,AIADMK,AIADMK_Alliance,286968,0.0,0.9290207288608029,0.41593069896920054,0.4880288517125146,0.06287965705239379,0.37402039108323426,0.3954500160529599,0.21002014604245295,0.020509446821352875,AIADMK_Alliance,0.09657095410120857,AIADMK Safe
Karaikudi,INC,DMK_Alliance,303371,11536.0,1.039529186012644,0.3575046127198102,0.2558882780434537,0.11236208909138834,0.34297875968291514,0.16560472726440142,0.24811368894723726,0.2433028241054462,DMK_Alliance,0.989403918933958,DMK Safe
Karur,DMK,DMK_Alliance,226584,0.0,0.7956848781104485,0.49084462881674784,0.4353962664608557,0.035290145193188946,0.4516414298704886,0.3514565936362942,0.17669940113451957,0.020202575358697746,DMK_Alliance,0.9093248951697698,DMK Safe
Katpadi,DMK,DMK_Alliance,225809,0.0,0.8826456424528597,0.4571373344930898,0.45313187934237514,0.05610321832415193,0.44152433104089794,0.4039183363986292,0.13377720386960673,0.020780128690866286,DMK_Alliance,0.7132489889388057,DMK Safe
Kattumannarkoil,VCK,DMK_Alliance,224565,0.0,0.9312060707843504,0.4901772033652121,0.429998689914047,0.038767152157939404,0.47302392253025743,0.37927371168489005,0.12710571834184162,0.020596647443010957,DMK_Alliance,0.9432305350150672,DMK Safe
Kavundampalayam,AIADMK,AIADMK_Alliance,407507,0.0,0.9572363475777051,0.40621390174175104,0.4377577294639227,0.057747533218464236,0.36230644648270316,0.3269805309092528,0.2752118401303269,0.03550118247771726,DMK_Alliance,0.14750263143597178,AIADMK Safe
Killiyoor,INC,DMK_Alliance,243837,10433.0,1.044699319634625,0.597588248449252,0.27154862933885754,0.08543532762862087,0.5972514524312148,0.2136308396169728,0.16207772420299713,0.02703998374881523,DMK_Alliance,0.9999992576569869,DMK Safe
Kilpennathur,DMK,DMK_Alliance,238913,0.0,0.8530687738116067,0.5133996448996008,0.38201740188144356,0.0566051617080133,0.5177155725243322,0.3519613381911947,0.10595540726938228,0.024367682015090913,DMK_Alliance,0.9965647203386677,DMK Safe
Kilvaithinankuppam,AIADMK,AIADMK_Alliance,213451,0.0,0.8924245654964232,0.4249672647079093,0.49396407158117206,0.057585398911120814,0.4187739619871483,0.4672552816596389,0.09316607247202058,0.020804683881192408,AIADMK_Alliance,0.14729819778290212,AIADMK Safe
Kilvelur,CPI-M,DMK_Alliance,168934,0.0,0.86005640915987,0.475457183817616,0.3566768068813595,0.10610860519598588,0.5123234348362709,0.3598708530243902,0.07828993169746061,0.049515780441878494,DMK_Alliance,0.9986470618446769,DMK Safe
Kinathukadavu,AIADMK,AIADMK_Alliance,300486,0.0,0.9411392543825307,0.43212941252393144,0.43684040699550414,0.04852969647428313,0.39904919949110906,0.3488795253415589,0.2204838106584752,0.03158746450885678,DMK_Alliance,0.45532692711567496,Marginal
Kolathur,DMK,DMK_Alliance,207251,0.0,0.8701809631775622,0.6085888296767943,0.20265531640021225,0.06505063787574689,0.6143868583217843,0.14366431494471166,0.14618215606323826,0.0957666706702658,DMK_Alliance,0.999999927708148,DMK Safe
Kovilpatti,AIADMK,AIADMK_Alliance,240017,0.0,0.9657582475948288,0.20660152104704635,0.37891315882561016,0.050920808277325785,0.17045567597879624,0.30478171855340525,0.18892242609675342,0.33584017937104504,Others,0.0005625364437024167,AIADMK Safe
Krishnagiri,AIADMK,AIADMK_Alliance,265037,0.0,0.911641585690945,0.45006803749622015,0.45381954944058056,0.05262038856970064,0.4289877293525568,0.3937822729287809,0.15642892228447935,0.020801075434182897,DMK_Alliance,0.5708979655874774,Marginal
Krishnarayapuram,DMK,DMK_Alliance,202087,0.0,0.813253545385767,0.5336591082464539,0.36959790383743685,0.05365335927739881,0.5227435471863243,0.3162418831960157,0.1401109153037649,0.02090365431389494,DMK_Alliance,0.9991726921100971,DMK Safe
Kulithalai,DMK,DMK_Alliance,221988,0.0,0.8184462690474171,0.5106403451908273,0.39142391216270966,0.05829653188558464,0.4871453373952023,0.32050023586001586,0.1715944552230298,0.02075997152175202,DMK_Alliance,0.9951337663157461,DMK Safe
Kumarapalayam,AIADMK,AIADMK_Alliance,217224,0.0,0.7831560731153333,0.342473690726755,0.504256530890182,0.06556889934381577,0.33308772797952824,0.4728055537410741,0.13366917446925217,0.060437543810145516,AIADMK_Alliance,0.003245808428837899,AIADMK Safe
Kumbakonam,DMK,DMK_Alliance,251868,0.0,0.9281042379845161,0.486207001275536,0.37797371990848533,0.06316940333259095,0.47163933011148274,0.30875595701793435,0.18940818710739574,0.03019652576318703,DMK_Alliance,0.9921664966196151,DMK Safe
Kunnam,DMK,DMK_Alliance,266682,0.0,0.8829594215182497,0.4726326752441115,0.4438486622187658,0.042541579687009674,0.44971224241844454,0.3835613928641469,0.14615014122739498,0.02057622349001362,DMK_Alliance,0.7850751902852531,DMK Safe
Kurinjipadi,DMK,DMK_Alliance,236297,0.0,0.8653951093385485,0.5103908321217823,0.4222184212776875,0.042820993958175076,0.48330396922977975,0.3597376840330178,0.13668078169931266,0.02027756503788985,DMK_Alliance,0.9793952354203215,DMK Safe
Lalgudi,DMK,DMK_Alliance,211043,0.0,0.8791736618245594,0.4859059020108267,0.3889181363516715,0.09297641255708024,0.49373109248109415,0.35686356494995347,0.12776851050203547,0.02163683206691695,DMK_Alliance,0.9953383484330592,DMK Safe
Madathukulam,AIADMK,AIADMK_Alliance,212742,0.0,0.851427770996338,0.4281151389209574,0.463507822893646,0.0343316730987015,0.42091266713265196,0.4351407159466487,0.08969169755784864,0.054254919362850616,AIADMK_Alliance,0.2317977998186802,AIADMK Safe
Madavaram,DMK,DMK_Alliance,420601,4804.0,1.011553714913768,0.5004459861248761,0.31190617773372975,0.09069375619425174,0.4822051079294423,0.20848701494167157,0.2686499950369802,0.04065788209190574,DMK_Alliance,0.9994651960364099,DMK Safe
Madurai Central,DMK,DMK_Alliance,196856,0.0,0.9590521336249945,0.4898949340828482,0.2611858395235227,0.07505186374891254,0.501095460033275,0.2252781392540476,0.11420152636113028,0.15942487435154712,DMK_Alliance,0.9999396800452875,DMK Safe
Madurai East,DMK,DMK_Alliance,330993,4218.0,1.0129079641955474,0.5159021740958082,0.30738738587258085,0.07426899601499841,0.49939814448033365,0.2185621263445781,0.22679461350084523,0.0552451156742431,DMK_Alliance,0.9997962683278684,DMK Safe
Madurai North,DMK,DMK_Alliance,218719,3670.0,1.017065878009198,0.4663506987914868,0.3199749610363065,0.0977988706916375,0.4720567764967107,0.2662810689726089,0.1757739319616952,0.08588822256898511,DMK_Alliance,0.9992237203192927,DMK Safe
Madurai South,DMK,DMK_Alliance,177605,0.0,0.8746128125200057,0.424884836267951,0.38081483836491176,0.07091109562817503,0.4223055278348952,0.3398640589460919,0.14003162000370273,0.09779879321531029,DMK_Alliance,0.9360241910636803,DMK Safe
Madurai West,AIADMK,AIADMK_Alliance,271341,0.0,0.9793865411547291,0.3706704215296439,0.43283389689331364,0.0903546957271907,0.35304629131462756,0.366941767782141,0.21777068583431167,0.06224125506891977,AIADMK_Alliance,0.19190528185878708,AIADMK Safe
Madurantakam,AIADMK,AIADMK_Alliance,211295,0.0,0.8277087242485613,0.44702489211265484,0.4777337738509056,0.05000484282347371,0.42431971895756293,0.42259107755539405,0.13262165721244393,0.020467546274599204,DMK_Alliance,0.3727467887639963,AIADMK Safe
Maduravoyal,DMK,DMK_Alliance,364031,0.0,0.9676657052858225,0.4429035673859861,0.32707854091357214,0.07684302771387885,0.4234237104210237,0.24161059695200493,0.2253875275436317,0.10957816508333958,DMK_Alliance,0.9880635169759232,DMK Safe
Mailam,PMK,AIADMK_Alliance,207665,0.0,0.8541772068592488,0.44530451044980196,0.4800580827057049,0.047121572527106206,0.4228595998460924,0.42566443452187064,0.13101298644518017,0.02046297918685679,AIADMK_Alliance,0.33809830424312054,AIADMK Safe
Manachanallur,DMK,DMK_Alliance,234217,0.0,0.8667705334211636,0.5913714486145212,0.28830972097255475,0.07341944601182397,0.616503779364902,0.26770219762905567,0.08690463061474082,0.02888939239130158,DMK_Alliance,0.9999971030957874,DMK Safe
Manamadurai,DMK,DMK_Alliance,257616,0.0,0.9235865629369376,0.4400845066260877,0.37069156558866545,0.11438927218914513,0.4673096059944441,0.3593354765232061,0.11847239661688647,0.054882520865463406,DMK_Alliance,0.986464079969201,DMK Safe
Manapparai,DMK,DMK_Alliance,266019,0.0,0.8733416721656998,0.4422903476017822,0.4354176813319624,0.0877121777873983,0.4462861332292516,0.40778194887506014,0.12434553154545216,0.0215863863502361,DMK_Alliance,0.7941941812705131,DMK Safe
Mannargudi,DMK,DMK_Alliance,231935,0.0,0.8738282898306107,0.4511331114894762,0.25761661034316796,0.054018806700857534,0.44869997486515706,0.2159386086358401,0.11277760709056958,0.22258380940843323,DMK_Alliance,0.9993134447729368,DMK Safe
Mayiladuthurai,INC,DMK_Alliance,232618,0.0,0.9696861061319771,0.4216788822721026,0.4059780119102153,0.0755038937242327,0.412040014954297,0.35097933249632807,0.17631006789720713,0.06067058465216766,DMK_Alliance,0.82714779902767,DMK Safe
Melur,AIADMK,AIADMK_Alliance,227789,0.0,0.9072584178369724,0.26360363711962886,0.45597487717608953,0.058370080204834175,0.25134037782921487,0.42703278020044566,0.1144144498249487,0.20721239214539086,AIADMK_Alliance,0.00055242581036133,AIADMK Safe
Mettuppalayam,AIADMK,AIADMK_Alliance,279438,0.0,0.9038036095478362,0.4566093396658122,0.46752087007903753,0.048666491916315315,0.42279643166914993,0.39287682995854634,0.1640118064169981,0.020314931955305583,DMK_Alliance,0.4724137408868343,Marginal
Mettur,PMK,AIADMK_Alliance,253445,0.0,0.8446533670157103,0.4413024967725987,0.4528845185449685,0.04169985625474954,0.4014260937945768,0.3585687893543013,0.21932733098417595,0.020677785866945984,DMK_Alliance,0.40516338692092296,Marginal
Modakkurichi,BJP,AIADMK_Alliance,206122,0.0,0.8251349057661206,0.42805061119451,0.4295957813006923,0.07117680375239886,0.4296271392627541,0.40006522854119675,0.12490195605336261,0.04540567614268644,DMK_Alliance,0.7032533752607486,DMK Safe
Mudhukulathur,DMK,DMK_Alliance,297310,0.0,0.9784311402469525,0.46064652619873153,0.36697662433943756,0.050828839173104656,0.4280564215482407,0.2721123477852689,0.22903230903490396,0.07079892163158633,DMK_Alliance,0.9738106112975012,DMK Safe
Musiri,DMK,DMK_Alliance,212612,0.0,0.861303874028252,0.5042903408901205,0.3726642404816756,0.07963562707978587,0.521092780802817,0.35187946829851147,0.10531715974309495,0.02171059115557671,DMK_Alliance,0.9982683859139176,DMK Safe
Mylapore,DMK,DMK_Alliance,194731,0.0,0.9239685891200683,0.4457537639314345,0.3634165417454214,0.0659844880401486,0.44650460429170263,0.32761069072651167,0.12295957398499045,0.10292513099679525,DMK_Alliance,0.9824071920889428,DMK Safe
Nagapattinam,VCK,DMK_Alliance,172979,0.0,0.8771843527824826,0.46169545834494286,0.4112775146280301,0.0694901086653664,0.4770141715114987,0.4036705157382927,0.07664208027332477,0.04267323247688384,DMK_Alliance,0.9619859544335176,DMK Safe
Nagercoil,BJP,AIADMK_Alliance,257022,4021.0,1.0158932178133684,0.41879088959470095,0.4821456687569563,0.05838151858186063,0.3982659441028973,0.42202799521264106,0.15683430998000106,0.022871750704460514,AIADMK_Alliance,0.15701448201794255,AIADMK Safe
Namakkal,DMK,DMK_Alliance,235351,0.0,0.8286715256505053,0.5150634313379345,0.3850134697884977,0.04895554727968311,0.4861701779139982,0.3042884140114057,0.18883026026144809,0.02071114781314807,DMK_Alliance,0.9956343655458534,DMK Safe
Nanguneri,INC,DMK_Alliance,254420,0.0,0.962061311461772,0.3942510466336315,0.30861927468029626,0.09169861106782601,0.40881580310574317,0.28930166591366174,0.10094924497346326,0.20093328600713167,DMK_Alliance,0.9816007122373004,DMK Safe
Nannilam,AIADMK,AIADMK_Alliance,264462,0.0,0.8674639516118451,0.44701816674476447,0.4669511228057528,0.0604611974191688,0.40903231509148136,0.38230624555182624,0.18825528275232414,0.020406156604368213,DMK_Alliance,0.4514827062054348,Marginal
Natham,AIADMK,AIADMK_Alliance,258603,0.0,0.8358182423456938,0.42544973451013124,0.4784233986254906,0.06553781676759425,0.39521474802556533,0.405285125372733,0.17881990570750048,0.020680220894201292,AIADMK_Alliance,0.1930584564687097,AIADMK Safe
Neyveli,DMK,DMK_Alliance,189024,0.0,0.8384186504504265,0.4580332663132882,0.4520806677633583,0.04743191372692378,0.4550249670440576,0.4237102883056853,0.10030119025724575,0.02096355439301159,DMK_Alliance,0.7229895876627928,DMK Safe
Nilakkottai,AIADMK,AIADMK_Alliance,219077,0.0,0.863007331014406,0.3454614323205541,0.51494818863126,0.09472146316387543,0.3593475542138996,0.5243077802747806,0.08904134321612914,0.02730332229519069,AIADMK_Alliance,0.005960833621861731,AIADMK Safe
Oddanchatram,DMK,DMK_Alliance,217698,0.0,0.7855248487210297,0.5450643351374929,0.4096780269236107,0.024504847439481354,0.5049704440212922,0.33613275918863106,0.13909203547674212,0.01980476131333476,DMK_Alliance,0.9951748607464606,DMK Safe
Omalur,AIADMK,AIADMK_Alliance,291866,0.0,0.8532347180401673,0.35013873997598655,0.5721789203580334,0.037811161038762864,0.31462734660794806,0.4989587161424039,0.1660708549407574,0.02034308230889063,AIADMK_Alliance,0.00015059247377532324,AIADMK Safe
Orathanadu,AIADMK,AIADMK_Alliance,231251,0.0,0.8775596168733587,0.31916180150125106,0.46946934945788155,0.047174728940783985,0.2941769831516642,0.41113967668135776,0.1631465452094162,0.13153679495756168,AIADMK_Alliance,0.00272641486829683,AIADMK Safe
Ottapidaram,DMK,DMK_Alliance,240988,0.0,0.9864994309948175,0.41109986504723345,0.3932017543859649,0.12602901484480433,0.42656702282354975,0.36227338437203127,0.1752582844320266,0.0359013083723925,DMK_Alliance,0.939727995487174,DMK Safe
Padmanabhapuram,DMK,DMK_Alliance,234056,325.0,1.0013904873551218,0.5156679752697525,0.3576659065798444,0.08168386656950093,0.48878868240021817,0.26585501472347234,0.22404506605540622,0.02131123682090312,DMK_Alliance,0.9994453928831627,DMK Safe
Palacode,AIADMK,AIADMK_Alliance,237476,0.0,0.8368195528993883,0.3967666206829788,0.5444420242503448,0.037290350686125025,0.362971423187964,0.47593519211897917,0.14101980223985366,0.020073582453203138,AIADMK_Alliance,0.004144170954721582,AIADMK Safe
Palani,DMK,DMK_Alliance,237359,0.0,0.8413375821012969,0.5286000856931407,0.3822595723133253,0.037276516184318154,0.520745862221058,0.3404175214966555,0.11328617403209755,0.025550442250188897,DMK_Alliance,0.9970992661565392,DMK Safe
Palayamkottai,DMK,DMK_Alliance,255130,33851.0,1.1529788185955288,0.5532090557510972,0.22953485917897337,0.07241248735186943,0.5311629946827576,0.16237103408926692,0.19054663752059015,0.11591933370738534,DMK_Alliance,0.9999984749902147,DMK Safe
Palladam,AIADMK,AIADMK_Alliance,322530,0.0,0.8978670333891954,0.36026018026010376,0.4852683061133184,0.07848235829467977,0.3332579701487031,0.41122831067423166,0.2307371193927386,0.02477659978432664,AIADMK_Alliance,0.01118909924781838,AIADMK Safe
Pallavaram,DMK,DMK_Alliance,330217,0.0,0.9030933868634299,0.4749430866210358,0.346980022089153,0.08024974266888059,0.4448812158386358,0.23425171412401052,0.28600578623374606,0.034861283803607666,DMK_Alliance,0.9948651851031094,DMK Safe
Panruti,DMK,DMK_Alliance,240048,0.0,0.8868593722291186,0.4760288050180412,0.4692538404153282,0.03322523839248106,0.42484115871072137,0.37239568910742527,0.1829916980903111,0.019771454091542382,DMK_Alliance,0.6295315046244068,DMK Safe
Papanasam,DMK,DMK_Alliance,254652,0.0,0.9411338605957572,0.43946655024316944,0.3568549410606045,0.07474794651287935,0.42762930918306313,0.2910035513731821,0.18936095791489624,0.09200618152885867,DMK_Alliance,0.978696412004916,DMK Safe
Pappireddipatti,AIADMK,AIADMK_Alliance,254658,0.0,0.8388967034849438,0.3509778546023874,0.5181452890123713,0.03426789867598215,0.3066180922579833,0.42290346186917926,0.22725523977882092,0.0432232060940164,AIADMK_Alliance,0.0011638518141854747,AIADMK Safe
Paramakudi,DMK,DMK_Alliance,233433,0.0,0.9329222235099933,0.4658812679102757,0.4039789633175595,0.09019642288562676,0.48192259227329065,0.38693992611780254,0.10927604868507303,0.021861432923833895,DMK_Alliance,0.9790956800620902,DMK Safe
Paramathi-Velur,AIADMK,AIADMK_Alliance,203567,0.0,0.8067459012170523,0.42663734301594475,0.4683473328361378,0.0636047404149224,0.4261209856936324,0.4430708571392019,0.10954850332074323,0.021259653846422404,AIADMK_Alliance,0.32440644211101655,AIADMK Safe
Pattukkottai,DMK,DMK_Alliance,240954,0.0,0.9899222290238161,0.44619074492099325,0.30358916478555303,0.060553047404063205,0.44429090166801194,0.2618382459382944,0.12263815941193151,0.17123269298176216,DMK_Alliance,0.9969060047045931,DMK Safe
Pennagaram,PMK,AIADMK_Alliance,246293,0.0,0.8525789255054002,0.40387532393428593,0.5185040774113787,0.04253346330329759,0.37739262415616504,0.4588486137149238,0.14329617658263213,0.020462585546278982,AIADMK_Alliance,0.015028216658223764,AIADMK Safe
Perambalur,DMK,DMK_Alliance,288449,0.0,0.8748673060241549,0.5086532292334998,0.39157424612333663,0.07779573879496388,0.5008727559202059,0.34448670290608874,0.13363287060892573,0.02100767056477973,DMK_Alliance,0.9952708532212976,DMK Safe
Perambur,DMK,DMK_Alliance,222792,0.0,0.8093963096306361,0.5253185086856932,0.25096937426080534,0.09891360217978212,0.5368715784156869,0.18629479999786142,0.18444771599953658,0.09238590558691515,DMK_Alliance,0.9999922010295557,DMK Safe
Peravurani,DMK,DMK_Alliance,212826,0.0,0.9068619931482333,0.5216856892010535,0.3936201346210126,0.07113842551946152,0.5071675744891156,0.3422076881401675,0.12993597479361868,0.02068876257709814,DMK_Alliance,0.9980856977390654,DMK Safe
Periyakulam,DMK,DMK_Alliance,263547,0.0,0.9507673326262474,0.45714752944791054,0.35149184576579434,0.058444872817732675,0.4569220634851705,0.3161061965166113,0.11440739718061627,0.11256434281760201,DMK_Alliance,0.987179735450299,DMK Safe
Perundurai,AIADMK,AIADMK_Alliance,212084,0.0,0.8132897194111354,0.3719810580321634,0.4529163572004235,0.05422375331194724,0.36861710618535115,0.4295020612587496,0.09876228108263208,0.10311855147326704,AIADMK_Alliance,0.05458797378680361,AIADMK Safe
Pollachi,AIADMK,AIADMK_Alliance,202015,0.0,0.8294430416127774,0.4446612673991021,0.4543901008414736,0.03610666185394906,0.4249530389556867,0.3986814281038769,0.14545951398404758,0.03090601895638882,DMK_Alliance,0.4788397461101048,Marginal
Polur,AIADMK,AIADMK_Alliance,232426,0.0,0.8376043735066976,0.4356523374849019,0.4837930419975051,0.050477199374294596,0.3966791171047047,0.3997648199164967,0.1832421740111839,0.020313888967614494,AIADMK_Alliance,0.2066068890797906,AIADMK Safe
Ponneri,INC,DMK_Alliance,248917,0.0,0.8614595013635672,0.449375814103844,0.40331536362512715,0.09045228519543246,0.41854911856796706,0.30550590424220747,0.25448541232161254,0.021459564868212863,DMK_Alliance,0.9491014217546777,DMK Safe
Poompuhar,DMK,DMK_Alliance,257129,0.0,0.9006522074173707,0.46238897602940754,0.44651603652845007,0.07131997036153158,0.3931497668151058,0.30739968818903896,0.27942386798520097,0.020026677010654307,DMK_Alliance,0.8259780842578092,DMK Safe
Poonamallee,DMK,DMK_Alliance,363688,1413.0,1.003900351942585,0.5671504838171505,0.21031637698304365,0.11326098826098827,0.5708241807896175,0.1013439681715421,0.2723461324811015,0.055485718557738865,DMK_Alliance,0.9999996267353587,DMK Safe
Pudukkottai,DMK,DMK_Alliance,223928,0.0,0.9062095312095312,0.47696395615146864,0.4151046183265515,0.06394392190870078,0.481552531151744,0.388392089474508,0.10872322913993997,0.02133215023380808,DMK_Alliance,0.9652972000574086,DMK Safe
Radhapuram,DMK,DMK_Alliance,244480,0.0,0.9501970508445592,0.43954407132560996,0.4208958411190006,0.10341679568629544,0.4703323808089989,0.43028358588890064,0.07710599964582307,0.022278033656277313,DMK_Alliance,0.916731585223716,DMK Safe
Rajapalayam,DMK,DMK_Alliance,212220,0.0,0.8645173905604575,0.4149674329073125,0.3931553148152293,0.08725406808872574,0.4149690209043313,0.3514044918592404,0.15866911455574315,0.07495737268068532,DMK_Alliance,0.877381607406886,DMK Safe
Ramanathapuram,DMK,DMK_Alliance,310165,16074.0,1.0546565518836006,0.5188371680258573,0.28306196227895636,0.0796177451447468,0.5131906343282314,0.21776789069378352,0.18135072418246292,0.0876907507955221,DMK_Alliance,0.9999440915992704,DMK Safe
Ranipet,DMK,DMK_Alliance,245853,0.0,0.8627177822616019,0.4978791296719399,0.41835613268936,0.049329515766742826,0.47706072645718345,0.3594283033357662,0.14291204539794833,0.020598924809101953,DMK_Alliance,0.9717399168886108,DMK Safe
Rasipuram,DMK,DMK_Alliance,220554,0.0,0.8154381398512975,0.4607676837443627,0.4508542233778897,0.057362978913582253,0.44988224131846755,0.4096486151770114,0.11964333080340668,0.020825812701114336,DMK_Alliance,0.7482737064048441,DMK Safe
Rishivandiyam,DMK,DMK_Alliance,270541,0.0,0.9156138421186225,0.5295621693490651,0.33557408905376884,0.05609327494351622,0.517240516871607,0.26793257038624024,0.1751671681321689,0.039659744609983796,DMK_Alliance,0.9996170770912404,DMK Safe
Royapuram,DMK,DMK_Alliance,156931,0.0,0.9426927212547531,0.5315906296672195,0.3023739386588113,0.06562368492709855,0.5309820023619414,0.2477232021664376,0.1517744932456762,0.06952030222594477,DMK_Alliance,0.9999593449108658,DMK Safe
Saidapet,DMK,DMK_Alliance,200697,0.0,0.9113104995254939,0.5001902362047566,0.31676511130377294,0.06684463627461376,0.500357471330182,0.2681302223876548,0.14265139266871157,0.0888609136134517,DMK_Alliance,0.9996498037102679,DMK Safe
Salem (North),DMK,DMK_Alliance,236088,0.0,0.8492710143207105,0.4616752974661027,0.42418073289322844,0.040296280191327034,0.4438470485625479,0.3675649658777024,0.14885274776946644,0.03973523779028333,DMK_Alliance,0.8304547407268628,DMK Safe
Salem (South),AIADMK,AIADMK_Alliance,224097,0.0,0.815785162776983,0.37451870668360154,0.48757388164934845,0.050884579612165096,0.3682057364113997,0.46093019193599916,0.10556762156513208,0.06529645008746891,AIADMK_Alliance,0.016274127134804157,AIADMK Safe
Salem (West),PMK,AIADMK_Alliance,255320,0.0,0.8580281349347708,0.3876876488727219,0.4975811067821334,0.04924571154236756,0.3829548822219913,0.4737268162987118,0.09925446606251039,0.04406383541678649,AIADMK_Alliance,0.01706948751258634,AIADMK Safe
Sankarankovil,DMK,DMK_Alliance,236532,0.0,0.9392228337264432,0.3891555487678495,0.36026355692764184,0.07554898602581026,0.3857949115491732,0.31937814904664935,0.14065451217533556,0.15417242722884195,DMK_Alliance,0.8401592027104599,DMK Safe
Sankarapuram,DMK,DMK_Alliance,263136,0.0,0.8876804382807466,0.561561060601848,0.3485741559392406,0.04575027108182501,0.5359773725096333,0.27441427595796125,0.16901465030722695,0.020593701225178482,DMK_Alliance,0.9998066346667593,DMK Safe
Sankari,AIADMK,AIADMK_Alliance,258678,0.0,0.8108494425131888,0.41088582414412245,0.49719479691879764,0.04676917247585545,0.357112479460118,0.3852493545545591,0.237367120593289,0.020271045392033993,AIADMK_Alliance,0.038308856131666055,AIADMK Safe
Sattur,DMK,DMK_Alliance,227963,0.0,0.8653383338774209,0.38676003608244736,0.32847019808846456,0.06583482373307331,0.37406767165506655,0.27172080187440917,0.15979633839131566,0.19441518807920857,DMK_Alliance,0.9126015502548619,DMK Safe
Senthamangalam,DMK,DMK_Alliance,227327,0.0,0.8306488742079993,0.45514593319446883,0.402479484026401,0.05849373854995357,0.4348380241640916,0.33031438589968576,0.19434054812108958,0.04050704181513305,DMK_Alliance,0.9256332082189161,DMK Safe
Sholavandan,DMK,DMK_Alliance,212502,0.0,0.8821903022251744,0.4803804722828907,0.40360741555990215,0.07947034973568809,0.4844682542764126,0.37149672995790567,0.1225888704038845,0.02144614536179722,DMK_Alliance,0.9864091972048482,DMK Safe
Sholinghur,INC,DMK_Alliance,256118,0.0,0.8319787423418507,0.49184994801636706,0.37272041729694033,0.04308617681574591,0.4840925224312855,0.32969549237321427,0.1196142052019517,0.0665977799935485,DMK_Alliance,0.9896445290801734,DMK Safe
Shozhinganallur,DMK,DMK_Alliance,536991,3536.0,1.0066284878762033,0.4417556102020059,0.3606622806452859,0.10009398617244532,0.4388542274439557,0.29658079430375817,0.2074067781329665,0.057158200119319574,DMK_Alliance,0.9439087218885459,DMK Safe
Singanallur,AIADMK,AIADMK_Alliance,266058,0.0,0.9587641125617565,0.3484291237049614,0.40215621148296465,0.04141153642443112,0.32719607830822633,0.34695883447140097,0.1451414826412005,0.18070360457917206,AIADMK_Alliance,0.07339879544509814,AIADMK Safe
Sirkazhi,DMK,DMK_Alliance,239469,0.0,0.9111902560414598,0.49160851953482293,0.4281144649157193,0.05756174049392395,0.43299114480604783,0.3102360693921343,0.2367495956349548,0.020023190166862975,DMK_Alliance,0.9631290223956642,DMK Safe
Sivaganga,AIADMK,AIADMK_Alliance,276156,0.0,0.9950384278626325,0.35091366237057275,0.4066094514066243,0.11136188157035101,0.35503443129196577,0.3778550319908735,0.15941937504155637,0.1076911616756043,AIADMK_Alliance,0.2923848140251816,AIADMK Safe
Sivakasi,INC,DMK_Alliance,225461,0.0,0.8869956921140114,0.42663215291250334,0.333039714234762,0.11275513788388895,0.43125215417604906,0.2761671946611939,0.19839346147733436,0.09418718968542265,DMK_Alliance,0.9940180240796176,DMK Safe
Sriperumbudur,INC,DMK_Alliance,375921,12924.0,1.0356036000297524,0.4365099787332269,0.39534250100279267,0.08337937350054113,0.4238603353000695,0.3239090467656406,0.20755888685312993,0.04467173108115985,DMK_Alliance,0.8832388336749777,DMK Safe
Srirangam,DMK,DMK_Alliance,283862,0.0,0.8601878787878788,0.47412587412587415,0.39122960372960375,0.07455461205461206,0.44699704508499116,0.3011140216087299,0.23060144682511333,0.021287486481165643,DMK_Alliance,0.9777419951382024,DMK Safe
Srivaikuntam,INC,DMK_Alliance,212885,0.0,0.9427824893160027,0.4674546494227002,0.3617765503145037,0.07729368681031232,0.4659890546364295,0.3108349130703275,0.16249420339521004,0.06068182889803296,DMK_Alliance,0.9945369400986086,DMK Safe
Srivilliputhur,AIADMK,AIADMK_Alliance,222367,0.0,0.8748613154767994,0.31202611341392894,0.380865655348332,0.10996600716605688,0.31286481038052916,0.3524967179309098,0.1508517530070318,0.18378671868152924,AIADMK_Alliance,0.17130424978333042,AIADMK Safe
Sulur,AIADMK,AIADMK_Alliance,303541,0.0,0.9144426268523623,0.3601693337140445,0.49230922024555873,0.05969716908128598,0.33246730887215376,0.4224282254581796,0.20227263145501417,0.042831834214652566,AIADMK_Alliance,0.006564739487235269,AIADMK Safe
Tambaram,DMK,DMK_Alliance,323677,0.0,0.9464544181245595,0.46929725908550496,0.3213907008129559,0.07829921917676168,0.4607859877337779,0.2519361997369719,0.19351379678358432,0.09376401574566595,DMK_Alliance,0.9975259188414148,DMK Safe
Tenkasi,INC,DMK_Alliance,279585,0.0,0.9506331093762751,0.41714928914379656,0.4154211893063314,0.0716274029928821,0.39694882643712637,0.3427023134904363,0.20954033508621947,0.0508085249862179,DMK_Alliance,0.6506596068397688,DMK Safe
Thalli,CPI,DMK_Alliance,235984,0.0,0.8854469183607615,0.6217903124387956,0.33199843316737276,0.019461710527672118,0.5852393944066393,0.26480382758057674,0.13008638191534444,0.01987039609743946,DMK_Alliance,0.9999873554128902,DMK Safe
Thanjavur,DMK,DMK_Alliance,249064,0.0,0.9305133694234915,0.5325491765840942,0.31237458880523866,0.08912085148748582,0.5549091230857013,0.28344762873860246,0.11897967843576071,0.04266356973993553,DMK_Alliance,0.999942652156961,DMK Safe
Thiru-Vi-Ka-Nagar,DMK,DMK_Alliance,178793,0.0,0.9735635563687054,0.6112897917663954,0.21317765677357586,0.08168531594064146,0.6488204307094875,0.19845128699421427,0.06737761334612657,0.08535066895017168,DMK_Alliance,0.9999999555965893,DMK Safe
Thirumangalam,AIADMK,AIADMK_Alliance,259225,0.0,0.85587266159972,0.3911698677974557,0.4550579378217193,0.05257715594457924,0.3678278931430503,0.3902115109799762,0.1801996623609255,0.061760933516048076,AIADMK_Alliance,0.08414916788192742,AIADMK Safe
Thirumayam,DMK,DMK_Alliance,219279,0.0,0.9172781045286839,0.4099786819589613,0.40203756801949075,0.06355764202929363,0.38394618655245843,0.3216077808486733,0.21543326937585677,0.07901276322301141,DMK_Alliance,0.7127614727344489,DMK Safe
Thiruparankundram,AIADMK,AIADMK_Alliance,307783,0.0,0.950041362109838,0.3145826354998325,0.4396160255078461,0.09634130312191275,0.2925391096784364,0.37532065696449646,0.22232785468877947,0.10981237866828764,AIADMK_Alliance,0.01415772254784808,AIADMK Safe
Thiruporur,VCK,DMK_Alliance,289401,0.0,0.9292321820184241,0.414388984205814,0.40580163984316076,0.09009875225489461,0.4064752807324452,0.3480909631110289,0.19578660519562796,0.049647150960897925,DMK_Alliance,0.7644864625641827,DMK Safe
Thiruthuraipoondi,CPI,DMK_Alliance,225363,0.0,0.8826065842138655,0.5223201316936187,0.36056507752063094,0.08264204942814413,0.5140031547534941,0.30130962955287005,0.16344111014944723,0.021246105544188612,DMK_Alliance,0.999488755482396,DMK Safe
Thiruvaiyaru,DMK,DMK_Alliance,256377,0.0,0.8827618739369065,0.48815210708035756,0.23440382159580003,0.07482381875798136,0.46973389427531226,0.13756604528596528,0.23159046962437843,0.161109590814344,DMK_Alliance,0.9999565434703411,DMK Safe
Thiruvallur,DMK,DMK_Alliance,248651,0.0,0.844918277889157,0.5027422132811807,0.39678309209635787,0.07014464883333411,0.4799809067308566,0.32656033231079196,0.17264719228628383,0.020811568672067605,DMK_Alliance,0.9929059531450466,DMK Safe
Thiruvarur,DMK,DMK_Alliance,257892,0.0,0.9013641463337912,0.5228575543713092,0.277171251620337,0.12626626338278363,0.5564875996846785,0.23336642965673557,0.1677195831284213,0.04242638753016462,DMK_Alliance,0.9999882263817509,DMK Safe
Thiruverumbur,DMK,DMK_Alliance,256239,0.0,0.9468520667203701,0.5351118961692883,0.2944983325973413,0.07978661306614285,0.5254926081861587,0.20800089256678606,0.2240635231502101,0.04244297609684515,DMK_Alliance,0.9999646239221192,DMK Safe
Thiruvidaimarudur,DMK,DMK_Alliance,254453,0.0,0.9334607525560271,0.48256452636989405,0.42874635921107,0.056317587656087804,0.44893982410716987,0.34819454933899163,0.18236962228274184,0.020496004271096702,DMK_Alliance,0.9404353394757424,DMK Safe
Thiruvottiyur,DMK,DMK_Alliance,240586,0.0,0.8757498543972044,0.44093381867637355,0.25262505250105,0.24298985979719595,0.5053487468090647,0.19022496497409422,0.2783481889782967,0.026078099238544324,DMK_Alliance,0.9999902955320105,DMK Safe
Thiyagarayanagar,DMK,DMK_Alliance,154943,0.0,0.8167059356831491,0.40571556829865185,0.4047236340993672,0.05997943727645279,0.40361190613002207,0.37456572090981693,0.11196383662140451,0.10985853633875657,DMK_Alliance,0.6989592613601695,DMK Safe
Thondamuthur,AIADMK,AIADMK_Alliance,287442,0.0,0.9077220894136669,0.3582815326355241,0.5388646212439976,0.034884679283914095,0.3368641235690204,0.48960678495339344,0.137470850446579,0.036058241031007195,AIADMK_Alliance,0.0007338697844576503,AIADMK Safe
Thoothukkudi,DMK,DMK_Alliance,248300,0.0,0.9594244226258786,0.4899711794147776,0.24438582430589098,0.16420302854989463,0.5556653210875628,0.23126459784922215,0.1222679085118816,0.09080217255133358,DMK_Alliance,0.9999946516491863,DMK Safe
Thousand Lights,DMK,DMK_Alliance,153908,0.0,0.824223080259839,0.5286670589966161,0.2898705311166691,0.06535236133588347,0.5219523896115266,0.22277866160562443,0.1747203496259253,0.08054859915692383,DMK_Alliance,0.9999658818174836,DMK Safe
Thuraiyur,DMK,DMK_Alliance,209011,0.0,0.865154726228124,0.49913575473629146,0.37364393095135207,0.0748140735518206,0.4759902359584944,0.2896239951995969,0.21317772425683013,0.021208044585078425,DMK_Alliance,0.9975623489681277,DMK Safe
Tindivanam,AIADMK,AIADMK_Alliance,217609,0.0,0.8678705745815369,0.424015821363223,0.49224271110672846,0.05041689949489969,0.4040182394626319,0.4408060389883876,0.13453255885895124,0.020643162690029252,AIADMK_Alliance,0.12114136377157333,AIADMK Safe
Tiruchendur,DMK,DMK_Alliance,230702,0.0,0.9622727291686654,0.5057638538754182,0.36102007608745473,0.08630311225191364,0.5146248917554256,0.3217156775870273,0.14190613918225334,0.02175329147529361,DMK_Alliance,0.9991132696762549,DMK Safe
Tiruchengodu,DMK,DMK_Alliance,206928,0.0,0.8157498442834278,0.4423482013765169,0.42685020225376213,0.07563261836041783,0.42182421572858253,0.354760688060556,0.20205911497246806,0.021355981238393468,DMK_Alliance,0.8406008698550325,DMK Safe
Tiruchirappalli (East),DMK,DMK_Alliance,217397,0.0,0.9155870956873315,0.5455523672883787,0.2343279955569954,0.08279724163465543,0.5694224781822717,0.20472572132568947,0.10151081388308464,0.12434098660895439,DMK_Alliance,0.9999978509117099,DMK Safe
Tiruchirappalli (West),DMK,DMK_Alliance,235903,0.0,0.9379468013200271,0.6451864838147668,0.1803614438090869,0.08588250072365224,0.6748180629753779,0.13533760885730056,0.12393804360436121,0.0659062845629603,DMK_Alliance,0.9999999955226622,DMK Safe
Tiruchuli,DMK,DMK_Alliance,204293,0.0,0.8606231411504015,0.5915422050679644,0.23860170938192593,0.07978080099067768,0.6007615431282782,0.17515599701216572,0.16826381843165006,0.05581864142790599,DMK_Alliance,0.999999635892812,DMK Safe
Tirukkoyilur,DMK,DMK_Alliance,241003,0.0,0.8941635222925919,0.5655982916872646,0.33277952470988753,0.05922014912061646,0.557966626842659,0.277707405624273,0.1433287746759167,0.020997192857151212,DMK_Alliance,0.9999422806178637,DMK Safe
Tirunelveli,BJP,AIADMK_Alliance,273520,2109.0,1.0077705030378283,0.3500989437564212,0.4670448966784252,0.09698006447792618,0.3403580815242371,0.4199168468904134,0.1916412386339497,0.04808383295139981,AIADMK_Alliance,0.03506185843143069,AIADMK Safe
Tirupattur,DMK,DMK_Alliance,224918,0.0,0.8806568571406197,0.5191308556983811,0.36724573764319907,0.06522347119883827,0.5160499263584785,0.31846365370616225,0.1442161006903844,0.02127031924497476,DMK_Alliance,0.998872151600911,DMK Safe
Tiruppattur,DMK,DMK_Alliance,273456,0.0,0.9445346339037145,0.49192943833445624,0.31460482240968657,0.06913354146304432,0.4784250916155477,0.23789200386872636,0.20015574607890332,0.08352715843682247,DMK_Alliance,0.9993315264890144,DMK Safe
Tiruppur (North),AIADMK,AIADMK_Alliance,310138,0.0,0.948292151940535,0.3077885859247686,0.49061287233506373,0.09706332006115283,0.27102065204737047,0.40364367080451197,0.2794175918272638,0.045918085320853744,AIADMK_Alliance,0.0018377302943405726,AIADMK Safe
Tiruppur (South),DMK,DMK_Alliance,193614,0.0,0.8081223782791076,0.4330688346386267,0.4060704743776445,0.0739487896891376,0.43364075881133085,0.3704761684398979,0.13604122428909976,0.059841848459671686,DMK_Alliance,0.8829510018815686,DMK Safe
Tiruttani,DMK,DMK_Alliance,260084,0.0,0.8139376224424012,0.5172037279042575,0.4083370589449068,0.051615482495357315,0.47295010026987677,0.3154617032251999,0.1914486562719774,0.020139540232945948,DMK_Alliance,0.9897313655210184,DMK Safe
Tiruvadanai,INC,DMK_Alliance,282121,4903.0,1.0176864417173488,0.39325124495206004,0.3246141267992964,0.08176300076803013,0.4020179246182613,0.2993520704958654,0.10735308715192987,0.19127691773394345,DMK_Alliance,0.9553742946898984,DMK Safe
Tiruvannamalai,DMK,DMK_Alliance,247309,0.0,0.8621153651743166,0.660211840870348,0.2068752513934379,0.06701430787795208,0.6662762582209563,0.13902035431997736,0.16542858170447994,0.029274805754586367,DMK_Alliance,0.9999999886110843,DMK Safe
Tittakudi,DMK,DMK_Alliance,206770,0.0,0.8950229848239561,0.4978238120154117,0.39424083147029443,0.06297269657042287,0.5054155156836425,0.3690068386683706,0.10345770781361435,0.022119937834372515,DMK_Alliance,0.9934624247302208,DMK Safe
Udhagamandalam,INC,DMK_Alliance,187425,0.0,0.9670004798241677,0.46441581267451915,0.4265141528823121,0.045222604924097465,0.46816391043077654,0.4102183056412088,0.0729949992311623,0.048622784696852335,DMK_Alliance,0.9050955714331449,DMK Safe
Udumalaipettai,AIADMK,AIADMK_Alliance,228524,0.0,0.8559752785841371,0.3858755492441783,0.4985284886652466,0.044207081776927115,0.37513580002888586,0.46441197020085506,0.11434865307610628,0.04610357669415283,AIADMK_Alliance,0.01626905801324197,AIADMK Safe
Ulundurpettai,DMK,DMK_Alliance,297472,0.0,0.8844462547980151,0.4715114783155608,0.4500455375265976,0.0367567479263068,0.43427578761768076,0.36817556445654237,0.17724848847069538,0.020300159455081512,DMK_Alliance,0.6649915067645548,DMK Safe
Usilampatti,AIADMK,AIADMK_Alliance,264141,0.0,0.9048620650673317,0.30011340482699883,0.33529713476352035,0.07226381444899842,0.2686348288707237,0.2517039128490778,0.2194207973211794,0.26024046095901915,DMK_Alliance,0.15907149467108864,AIADMK Safe
Uthangarai,AIADMK,AIADMK_Alliance,233500,0.0,0.9031205037362502,0.3787422366023281,0.5417297567247361,0.05538111707920924,0.36833873226883546,0.5128885388792833,0.09802797487296044,0.020744753978920807,AIADMK_Alliance,0.0037620908139805653,AIADMK Safe
Uthiramerur,DMK,DMK_Alliance,243922,0.0,0.8434720666141057,0.4437725918994533,0.43606819013057585,0.05417305929349401,0.42812122282418325,0.37890671514877833,0.16427531842183424,0.02869674360520413,DMK_Alliance,0.6618047668071912,DMK Safe
Valparai,AIADMK,AIADMK_Alliance,172284,0.0,0.8639600425250236,0.4095073430138043,0.5029000082660569,0.05257212134571405,0.40546250345668094,0.4798403796450026,0.09374999545411065,0.02094712144420573,AIADMK_Alliance,0.06809227673205713,AIADMK Safe
Vandavasi,DMK,DMK_Alliance,211811,0.0,0.8291389224885403,0.5488078978781981,0.3554851753470915,0.04992095669287105,0.5433532436796801,0.3091836137000435,0.12650934143550688,0.020953801184769662,DMK_Alliance,0.9996988925020956,DMK Safe
Vaniyambadi,AIADMK,AIADMK_Alliance,240220,0.0,0.9204360403854628,0.4374490123528266,0.463259946209677,0.059085143449633414,0.4020573085179163,0.37917128291793784,0.19812495449116346,0.020646454072982396,DMK_Alliance,0.4375729449052842,Marginal
Vanur,AIADMK,AIADMK_Alliance,207984,0.0,0.8309853527564466,0.3868765367053038,0.5360851334738321,0.04712745872848612,0.35531459250842096,0.46840811970215146,0.1558941376363925,0.020383150153035046,AIADMK_Alliance,0.005586132920133668,AIADMK Safe
Vasudevanallur,DMK,DMK_Alliance,227369,0.0,0.9411163310498976,0.39077558121684547,0.37731761816228016,0.09512681870128098,0.3773779087772276,0.30802631708320166,0.21791532059325724,0.0966804535463135,DMK_Alliance,0.8427369563050073,DMK Safe
Vedaranyam,AIADMK,AIADMK_Alliance,186034,0.0,0.8568454505676715,0.42003036821460205,0.4980323927622422,0.05761103378463874,0.40602514224803227,0.4579505248989391,0.11531846059690262,0.0207058722561261,AIADMK_Alliance,0.12168655148934114,AIADMK Safe
Vedasandur,DMK,DMK_Alliance,241813,0.0,0.8261688054336982,0.4997231086915712,0.4173455978975033,0.0398676553407171,0.48380810587135653,0.36646745209668213,0.12906997991586783,0.020654462116093376,DMK_Alliance,0.9669538619089654,DMK Safe
Veerapandi,AIADMK,AIADMK_Alliance,248478,0.0,0.8086291789653186,0.4103092506995914,0.4992445306702667,0.043835102055413,0.38619996145067303,0.43991176913266883,0.15319660275712413,0.020691666659533918,AIADMK_Alliance,0.0349242397625617,AIADMK Safe
Velachery,INC,DMK_Alliance,211691,0.0,0.8720930711587342,0.38759238090926584,0.362965016919995,0.08019172221782088,0.38238616307569395,0.3166139926642491,0.1559908675288995,0.14500897673115742,DMK_Alliance,0.8410517500805716,DMK Safe
Vellore,DMK,DMK_Alliance,211063,0.0,0.8541118673972337,0.46859070923129087,0.4175565178238901,0.04741549424955114,0.4550554171604301,0.3646212766995868,0.1474387600239077,0.032884546116075504,DMK_Alliance,0.9224812967560442,DMK Safe
Veppanahalli,AIADMK,AIADMK_Alliance,243875,0.0,0.8654586620390579,0.44384106541354484,0.4762821668998396,0.040508723268386136,0.429996431235143,0.4349092955079885,0.11442905185507626,0.020665221401792205,AIADMK_Alliance,0.2691147091495259,AIADMK Safe
Vikravandi,DMK,DMK_Alliance,227355,0.0,0.8548562361584767,0.484100053197808,0.43465708073154735,0.042434290377394546,0.4584697049403584,0.3700424013450913,0.15098731617050198,0.020500577544048524,DMK_Alliance,0.9109451763900304,DMK Safe
Vilathikulam,DMK,DMK_Alliance,203732,0.0,0.8872262964446844,0.5404590564039984,0.3098600817137149,0.07075474519797331,0.5445158560815563,0.2592636535050636,0.1483796911423246,0.04784079927105549,DMK_Alliance,0.9999536931011479,DMK Safe
Vilavancode,INC,DMK_Alliance,225219,0.0,0.9769024567978347,0.5211813913582306,0.36494554207678925,0.07323816106198909,0.4761932883888893,0.251767960112695,0.2513537563541085,0.020684995144307314,DMK_Alliance,0.9993243825072341,DMK Safe
Villivakkam,DMK,DMK_Alliance,159764,0.0,0.8071783316239661,0.5283221830497182,0.2774893817838603,0.0757432751297782,0.5240019491796819,0.2049967950840481,0.19046594519059662,0.08053531054567334,DMK_Alliance,0.9999812091776031,DMK Safe
Villupuram,DMK,DMK_Alliance,244080,0.0,0.867374316367035,0.4992238601972078,0.4266474665625305,0.031118812847798497,0.4807796873879475,0.37563935458641945,0.12308708743837934,0.020493870587253778,DMK_Alliance,0.9473361125863037,DMK Safe
Viralimalai,AIADMK,AIADMK_Alliance,223084,0.0,0.8396370219540745,0.40626502535892833,0.5282670623452227,0.036371062386582775,0.3788549976454653,0.46967481473343636,0.13120478605007746,0.020265401571020955,AIADMK_Alliance,0.01183107387396602,AIADMK Safe
Virudhunagar,DMK,DMK_Alliance,198616,0.0,0.8941068430127083,0.4532423925746829,0.32128966033255624,0.08849409771390764,0.478874684388799,0.3157402239666678,0.07348407182841081,0.13190101981612232,DMK_Alliance,0.9981253691915984,DMK Safe
Virugampakkam,DMK,DMK_Alliance,196536,0.0,0.8461823285772102,0.4397203806324555,0.34046969903067653,0.06023526350340357,0.4411490944740917,0.30878117846373376,0.10702260739016209,0.14304711967201242,DMK_Alliance,0.9863795117155845,DMK Safe
Vriddhachalam,INC,DMK_Alliance,237836,0.0,0.8800950269946233,0.3917167342706395,0.5190256895096933,0.04392733335366535,0.3612904782103821,0.4504093813901052,0.16771288112692181,0.02058725927259091,AIADMK_Alliance,0.01013237128280727,AIADMK Safe
Yercaud,AIADMK,AIADMK_Alliance,270529,0.0,0.8243010189157566,0.4001523497011602,0.5212829184175721,0.055699720413185785,0.3466575352623232,0.41323885420116757,0.2200280296743264,0.020075580862182814,AIADMK_Alliance,0.0126434413135208,AIADMK Safe
